{"desktopweb":{"platform":"desktopweb","indexjl":"js","appName":"KRADemo","buildWar":"false","librarymode":"css","devicemessage":"Unknown Error Occurred <br/> Contact System Admin","deviceexception":"This device is currently not supported","importjsfiles":[],"defaultLocale":"ar","default_locale":"ar","locales":"[\"ar\",\"de\",\"en\",\"en_US\",\"es\",\"fr\",\"it\",\"ja\",\"pt\",\"ru\",\"zh\"]","javascripterrormsg":"To use this site, first enable your browser's JavaScript support and then refresh this page.","version":"1.0.0","category":"desktopweb/","bgcolor":"#ffffff","cssLazyLoad":true,"customFontsList":["FontAwesome","Inter-Bold","Inter-Light","Inter-Regular","Inter-SemiBold","Roboto-Bold","SFProDisplay-Bold","SFProDisplay-Light","SFProDisplay-Regular","SFProDisplay-Semibold","icomoon"],"customFontsUrlList":["url('desktopweb/FontAwesome.ttf'), url('desktopweb/FontAwesome.eot')","url('desktopweb/Inter-Bold.ttf'), url('desktopweb/Inter-Bold.eot')","url('desktopweb/Inter-Light.ttf'), url('desktopweb/Inter-Light.eot')","url('desktopweb/Inter-Regular.ttf'), url('desktopweb/Inter-Regular.eot')","url('desktopweb/Inter-SemiBold.ttf'), url('desktopweb/Inter-SemiBold.eot')","url('desktopweb/Roboto-Bold.ttf'), url('desktopweb/Roboto-Bold.eot')","url('desktopweb/SFProDisplay-Bold.ttf'), url('desktopweb/SFProDisplay-Bold.eot')","url('desktopweb/SFProDisplay-Light.ttf'), url('desktopweb/SFProDisplay-Light.eot')","url('desktopweb/SFProDisplay-Regular.ttf'), url('desktopweb/SFProDisplay-Regular.eot')","url('desktopweb/SFProDisplay-Semibold.ttf'), url('desktopweb/SFProDisplay-Semibold.eot')","url('desktopweb/icomoon.ttf'), url('desktopweb/icomoon.eot')"],"fontsObj":{"FontAwesome":"url('desktopweb/FontAwesome.ttf'), url('desktopweb/FontAwesome.eot')","Inter-Bold":"url('desktopweb/Inter-Bold.ttf'), url('desktopweb/Inter-Bold.eot')","Inter-Light":"url('desktopweb/Inter-Light.ttf'), url('desktopweb/Inter-Light.eot')","Inter-Regular":"url('desktopweb/Inter-Regular.ttf'), url('desktopweb/Inter-Regular.eot')","Inter-SemiBold":"url('desktopweb/Inter-SemiBold.ttf'), url('desktopweb/Inter-SemiBold.eot')","Roboto-Bold":"url('desktopweb/Roboto-Bold.ttf'), url('desktopweb/Roboto-Bold.eot')","SFProDisplay-Bold":"url('desktopweb/SFProDisplay-Bold.ttf'), url('desktopweb/SFProDisplay-Bold.eot')","SFProDisplay-Light":"url('desktopweb/SFProDisplay-Light.ttf'), url('desktopweb/SFProDisplay-Light.eot')","SFProDisplay-Regular":"url('desktopweb/SFProDisplay-Regular.ttf'), url('desktopweb/SFProDisplay-Regular.eot')","SFProDisplay-Semibold":"url('desktopweb/SFProDisplay-Semibold.ttf'), url('desktopweb/SFProDisplay-Semibold.eot')","icomoon":"url('desktopweb/icomoon.ttf'), url('desktopweb/icomoon.eot')"},"style":"width: 100%; margin: 0px; padding: 0px;","bodyalign":"left","bodyAttrs":"style = \"width: 100%; margin: 0px; padding: 0px;\"  aria-busy=\"true\" aria-live=\"polite\" aria-relevant=\"additions\" aria-atomic=\"false\"","enablexfsdw":false,"enablexfs":"false","isDebug":"true","csslist":[],"jslist":[],"enableViewportZooming":false,"webcsslist":[],"webjslist":[],"webheadertags":[],"htmlAttrs":"manifest=\"/apps/KRADemo/nocache/desktopweb/voltmx.manifest\"","ieMetaTag":"<meta http-equiv=\"X-UA-Compatble\" content=\"IE=edge\">","headPageFileName":"284586361/desktopweb/head.html","bodyPageFileName":"284586361/desktopweb/body.html","baseTag":"<base href= \"/apps/KRADemo/284586361/\" target = \"_blank\"/>","baseLocalTag":"<base href= \"./\" target = \"_blank\"/>"},"indexPage":{"headPageFileName":"284586361/desktopweb/head.html","bodyPageFileName":"284586361/desktopweb/body.html","baseTag":"<base href= \"/apps/KRADemo/284586361/\" target = \"_blank\"/>","ieMetaTag":"<meta http-equiv=\"X-UA-Compatble\" content=\"IE=edge\">","htmlAttrs":"manifest=\"/apps/KRADemo/nocache/desktopweb/voltmx.manifest\"","bodyAttrs":"style = \"width: 100%; margin: 0px; padding: 0px;\"  aria-busy=\"true\" aria-live=\"polite\" aria-relevant=\"additions\" aria-atomic=\"false\""},"appconfig":{"buildoption":"release","applocales":"ar,de,en,en_US,es,fr,it,ja,pt,ru,zh","spa":"desktopweb","appid":"KRADemo","devicedblookup":"false","smsecure":"","cacheId":"284586361","cacheUrl":"KRADemo/284586361"}}